"0",""
"0","#look at specific column of metadata"
"0","head(Tcells@assays$RNA@counts)"
"1","6 x 4472 sparse Matrix of class ""dgCMatrix""
"
"2","  [[ suppressing 41 column names ‘AAAGCAATCTGGTATG-1’, ‘AAAGTAGGTCTGCGGT-1’, ‘AAATGCCTCGCAAGCC-1’ ... ]]
"
"1","             "
"1","  "
"1","  "
"1","  "
"1","  "
"1","  "
"1","  "
"1","  "
"1","  "
"1","  "
"1","  "
"1","  "
"1","  "
"1","  "
"1","  "
"1","  "
"1","  "
"1","  "
"1","  "
"1","  "
"1","  "
"1","  "
"1","  "
"1","  "
"1","  "
"1","  "
"1","  "
"1","  "
"1","  "
"1","  "
"1","  "
"1","  "
"1","  "
"1","  "
"1","  "
"1","  "
"1","  "
"1","  "
"1","  "
"1","  "
"1","  "
"1","
RP11-34P13.3 "
"1"," ."
"1"," ."
"1"," ."
"1"," ."
"1"," ."
"1"," ."
"1"," ."
"1"," ."
"1"," ."
"1"," ."
"1"," ."
"1"," ."
"1"," ."
"1"," ."
"1"," ."
"1"," ."
"1"," ."
"1"," ."
"1"," ."
"1"," ."
"1"," ."
"1"," ."
"1"," ."
"1"," ."
"1"," ."
"1"," ."
"1"," ."
"1"," ."
"1"," ."
"1"," ."
"1"," ."
"1"," ."
"1"," ."
"1"," ."
"1"," ."
"1"," ."
"1"," ."
"1"," ."
"1"," ."
"1"," ."
"1","
FAM138A      "
"1"," ."
"1"," ."
"1"," ."
"1"," ."
"1"," ."
"1"," ."
"1"," ."
"1"," ."
"1"," ."
"1"," ."
"1"," ."
"1"," ."
"1"," ."
"1"," ."
"1"," ."
"1"," ."
"1"," ."
"1"," ."
"1"," ."
"1"," ."
"1"," ."
"1"," ."
"1"," ."
"1"," ."
"1"," ."
"1"," ."
"1"," ."
"1"," ."
"1"," ."
"1"," ."
"1"," ."
"1"," ."
"1"," ."
"1"," ."
"1"," ."
"1"," ."
"1"," ."
"1"," ."
"1"," ."
"1"," ."
"1","
OR4F5        "
"1"," ."
"1"," ."
"1"," ."
"1"," ."
"1"," ."
"1"," ."
"1"," ."
"1"," ."
"1"," ."
"1"," ."
"1"," ."
"1"," ."
"1"," ."
"1"," ."
"1"," ."
"1"," ."
"1"," ."
"1"," ."
"1"," ."
"1"," ."
"1"," ."
"1"," ."
"1"," ."
"1"," ."
"1"," ."
"1"," ."
"1"," ."
"1"," ."
"1"," ."
"1"," ."
"1"," ."
"1"," ."
"1"," ."
"1"," ."
"1"," ."
"1"," ."
"1"," ."
"1"," ."
"1"," ."
"1"," ."
"1","
RP11-34P13.7 "
"1"," ."
"1"," ."
"1"," ."
"1"," ."
"1"," ."
"1"," ."
"1"," ."
"1"," ."
"1"," ."
"1"," ."
"1"," ."
"1"," ."
"1"," ."
"1"," ."
"1"," ."
"1"," ."
"1"," ."
"1"," ."
"1"," ."
"1"," ."
"1"," ."
"1"," ."
"1"," ."
"1"," ."
"1"," ."
"1"," ."
"1"," ."
"1"," ."
"1"," ."
"1"," ."
"1"," ."
"1"," ."
"1"," ."
"1"," ."
"1"," ."
"1"," ."
"1"," ."
"1"," ."
"1"," ."
"1"," ."
"1","
RP11-34P13.8 "
"1"," ."
"1"," ."
"1"," ."
"1"," ."
"1"," ."
"1"," ."
"1"," ."
"1"," ."
"1"," ."
"1"," ."
"1"," ."
"1"," ."
"1"," ."
"1"," ."
"1"," ."
"1"," ."
"1"," ."
"1"," ."
"1"," ."
"1"," ."
"1"," ."
"1"," ."
"1"," ."
"1"," ."
"1"," ."
"1"," ."
"1"," ."
"1"," ."
"1"," ."
"1"," ."
"1"," ."
"1"," ."
"1"," ."
"1"," ."
"1"," ."
"1"," ."
"1"," ."
"1"," ."
"1"," ."
"1"," ."
"1","
RP11-34P13.14"
"1"," ."
"1"," ."
"1"," ."
"1"," ."
"1"," ."
"1"," ."
"1"," ."
"1"," ."
"1"," ."
"1"," ."
"1"," ."
"1"," ."
"1"," ."
"1"," ."
"1"," ."
"1"," ."
"1"," ."
"1"," ."
"1"," ."
"1"," ."
"1"," ."
"1"," ."
"1"," ."
"1"," ."
"1"," ."
"1"," ."
"1"," ."
"1"," ."
"1"," ."
"1"," ."
"1"," ."
"1"," ."
"1"," ."
"1"," ."
"1"," ."
"1"," ."
"1"," ."
"1"," ."
"1"," ."
"1"," ."
"1","
"
"1","             "
"1","  "
"1","       "
"1","
RP11-34P13.3 "
"1"," ."
"1"," ......"
"1","
FAM138A      "
"1"," ."
"1"," ......"
"1","
OR4F5        "
"1"," ."
"1"," ......"
"1","
RP11-34P13.7 "
"1"," ."
"1"," ......"
"1","
RP11-34P13.8 "
"1"," ."
"1"," ......"
"1","
RP11-34P13.14"
"1"," ."
"1"," ......"
"1","
"
"1","
 ....."
"1",""
"1","suppressing 4431 columns"
"1",""
"1"," "
"1",""
"1","in show(); maybe adjust 'options(max.print= *, width = *)'"
"1",""
"1","
 ..............................
"
