"0","Tcells@assays$RNA@data"
"1","33694 x 4341 sparse Matrix of class ""dgCMatrix""
"
"2","  [[ suppressing 39 column names ‘AAAGCAATCTGGTATG-1’, ‘AAAGTAGGTCTGCGGT-1’, ‘AAATGCCTCGCAAGCC-1’ ... ]]
"
"2","  [[ suppressing 39 column names ‘AAAGCAATCTGGTATG-1’, ‘AAAGTAGGTCTGCGGT-1’, ‘AAATGCCTCGCAAGCC-1’ ... ]]
"
"1","             "
"1","         "
"1","  "
"1","  "
"1","  "
"1","  "
"1","  "
"1","  "
"1","  "
"1","  "
"1","  "
"1","  "
"1","  "
"1","  "
"1","  "
"1","  "
"1","  "
"1","  "
"1","  "
"1","         "
"1","  "
"1","  "
"1","  "
"1","  "
"1","  "
"1","  "
"1","  "
"1","  "
"1","  "
"1","  "
"1","  "
"1","  "
"1","  "
"1","  "
"1","  "
"1","  "
"1","  "
"1","  "
"1","  "
"1","  "
"1","
RP11-34P13.3 "
"1"," .       "
"1"," ."
"1"," ."
"1"," ."
"1"," ."
"1"," ."
"1"," ."
"1"," ."
"1"," ."
"1"," ."
"1"," ."
"1"," ."
"1"," ."
"1"," ."
"1"," ."
"1"," ."
"1"," ."
"1"," ."
"1"," .       "
"1"," ."
"1"," ."
"1"," ."
"1"," ."
"1"," ."
"1"," ."
"1"," ."
"1"," ."
"1"," ."
"1"," ."
"1"," ."
"1"," ."
"1"," ."
"1"," ."
"1"," ."
"1"," ."
"1"," ."
"1"," ."
"1"," ."
"1"," ."
"1","
FAM138A      "
"1"," .       "
"1"," ."
"1"," ."
"1"," ."
"1"," ."
"1"," ."
"1"," ."
"1"," ."
"1"," ."
"1"," ."
"1"," ."
"1"," ."
"1"," ."
"1"," ."
"1"," ."
"1"," ."
"1"," ."
"1"," ."
"1"," .       "
"1"," ."
"1"," ."
"1"," ."
"1"," ."
"1"," ."
"1"," ."
"1"," ."
"1"," ."
"1"," ."
"1"," ."
"1"," ."
"1"," ."
"1"," ."
"1"," ."
"1"," ."
"1"," ."
"1"," ."
"1"," ."
"1"," ."
"1"," ."
"1","
OR4F5        "
"1"," .       "
"1"," ."
"1"," ."
"1"," ."
"1"," ."
"1"," ."
"1"," ."
"1"," ."
"1"," ."
"1"," ."
"1"," ."
"1"," ."
"1"," ."
"1"," ."
"1"," ."
"1"," ."
"1"," ."
"1"," ."
"1"," .       "
"1"," ."
"1"," ."
"1"," ."
"1"," ."
"1"," ."
"1"," ."
"1"," ."
"1"," ."
"1"," ."
"1"," ."
"1"," ."
"1"," ."
"1"," ."
"1"," ."
"1"," ."
"1"," ."
"1"," ."
"1"," ."
"1"," ."
"1"," ."
"1","
RP11-34P13.7 "
"1"," .       "
"1"," ."
"1"," ."
"1"," ."
"1"," ."
"1"," ."
"1"," ."
"1"," ."
"1"," ."
"1"," ."
"1"," ."
"1"," ."
"1"," ."
"1"," ."
"1"," ."
"1"," ."
"1"," ."
"1"," ."
"1"," .       "
"1"," ."
"1"," ."
"1"," ."
"1"," ."
"1"," ."
"1"," ."
"1"," ."
"1"," ."
"1"," ."
"1"," ."
"1"," ."
"1"," ."
"1"," ."
"1"," ."
"1"," ."
"1"," ."
"1"," ."
"1"," ."
"1"," ."
"1"," ."
"1","
RP11-34P13.8 "
"1"," .       "
"1"," ."
"1"," ."
"1"," ."
"1"," ."
"1"," ."
"1"," ."
"1"," ."
"1"," ."
"1"," ."
"1"," ."
"1"," ."
"1"," ."
"1"," ."
"1"," ."
"1"," ."
"1"," ."
"1"," ."
"1"," .       "
"1"," ."
"1"," ."
"1"," ."
"1"," ."
"1"," ."
"1"," ."
"1"," ."
"1"," ."
"1"," ."
"1"," ."
"1"," ."
"1"," ."
"1"," ."
"1"," ."
"1"," ."
"1"," ."
"1"," ."
"1"," ."
"1"," ."
"1"," ."
"1","
RP11-34P13.14"
"1"," .       "
"1"," ."
"1"," ."
"1"," ."
"1"," ."
"1"," ."
"1"," ."
"1"," ."
"1"," ."
"1"," ."
"1"," ."
"1"," ."
"1"," ."
"1"," ."
"1"," ."
"1"," ."
"1"," ."
"1"," ."
"1"," .       "
"1"," ."
"1"," ."
"1"," ."
"1"," ."
"1"," ."
"1"," ."
"1"," ."
"1"," ."
"1"," ."
"1"," ."
"1"," ."
"1"," ."
"1"," ."
"1"," ."
"1"," ."
"1"," ."
"1"," ."
"1"," ."
"1"," ."
"1"," ."
"1","
RP11-34P13.9 "
"1"," .       "
"1"," ."
"1"," ."
"1"," ."
"1"," ."
"1"," ."
"1"," ."
"1"," ."
"1"," ."
"1"," ."
"1"," ."
"1"," ."
"1"," ."
"1"," ."
"1"," ."
"1"," ."
"1"," ."
"1"," ."
"1"," .       "
"1"," ."
"1"," ."
"1"," ."
"1"," ."
"1"," ."
"1"," ."
"1"," ."
"1"," ."
"1"," ."
"1"," ."
"1"," ."
"1"," ."
"1"," ."
"1"," ."
"1"," ."
"1"," ."
"1"," ."
"1"," ."
"1"," ."
"1"," ."
"1","
FO538757.3   "
"1"," .       "
"1"," ."
"1"," ."
"1"," ."
"1"," ."
"1"," ."
"1"," ."
"1"," ."
"1"," ."
"1"," ."
"1"," ."
"1"," ."
"1"," ."
"1"," ."
"1"," ."
"1"," ."
"1"," ."
"1"," ."
"1"," .       "
"1"," ."
"1"," ."
"1"," ."
"1"," ."
"1"," ."
"1"," ."
"1"," ."
"1"," ."
"1"," ."
"1"," ."
"1"," ."
"1"," ."
"1"," ."
"1"," ."
"1"," ."
"1"," ."
"1"," ."
"1"," ."
"1"," ."
"1"," ."
"1","
FO538757.2   "
"1"," 1.293878"
"1"," ."
"1"," ."
"1"," ."
"1"," ."
"1"," ."
"1"," ."
"1"," ."
"1"," ."
"1"," ."
"1"," ."
"1"," ."
"1"," ."
"1"," ."
"1"," ."
"1"," ."
"1"," ."
"1"," ."
"1"," 1.314813"
"1"," ."
"1"," ."
"1"," ."
"1"," ."
"1"," ."
"1"," ."
"1"," ."
"1"," ."
"1"," ."
"1"," ."
"1"," ."
"1"," ."
"1"," ."
"1"," ."
"1"," ."
"1"," ."
"1"," ."
"1"," ."
"1"," ."
"1"," ."
"1","
AP006222.2   "
"1"," .       "
"1"," ."
"1"," ."
"1"," ."
"1"," ."
"1"," ."
"1"," ."
"1"," ."
"1"," ."
"1"," ."
"1"," ."
"1"," ."
"1"," ."
"1"," ."
"1"," ."
"1"," ."
"1"," ."
"1"," ."
"1"," .       "
"1"," ."
"1"," ."
"1"," ."
"1"," ."
"1"," ."
"1"," ."
"1"," ."
"1"," ."
"1"," ."
"1"," ."
"1"," ."
"1"," ."
"1"," ."
"1"," ."
"1"," ."
"1"," ."
"1"," ."
"1"," ."
"1"," ."
"1"," ."
"1","
RP5-857K21.15"
"1"," .       "
"1"," ."
"1"," ."
"1"," ."
"1"," ."
"1"," ."
"1"," ."
"1"," ."
"1"," ."
"1"," ."
"1"," ."
"1"," ."
"1"," ."
"1"," ."
"1"," ."
"1"," ."
"1"," ."
"1"," ."
"1"," .       "
"1"," ."
"1"," ."
"1"," ."
"1"," ."
"1"," ."
"1"," ."
"1"," ."
"1"," ."
"1"," ."
"1"," ."
"1"," ."
"1"," ."
"1"," ."
"1"," ."
"1"," ."
"1"," ."
"1"," ."
"1"," ."
"1"," ."
"1"," ."
"1","
RP4-669L17.2 "
"1"," .       "
"1"," ."
"1"," ."
"1"," ."
"1"," ."
"1"," ."
"1"," ."
"1"," ."
"1"," ."
"1"," ."
"1"," ."
"1"," ."
"1"," ."
"1"," ."
"1"," ."
"1"," ."
"1"," ."
"1"," ."
"1"," .       "
"1"," ."
"1"," ."
"1"," ."
"1"," ."
"1"," ."
"1"," ."
"1"," ."
"1"," ."
"1"," ."
"1"," ."
"1"," ."
"1"," ."
"1"," ."
"1"," ."
"1"," ."
"1"," ."
"1"," ."
"1"," ."
"1"," ."
"1"," ."
"1","
RP4-669L17.10"
"1"," .       "
"1"," ."
"1"," ."
"1"," ."
"1"," ."
"1"," ."
"1"," ."
"1"," ."
"1"," ."
"1"," ."
"1"," ."
"1"," ."
"1"," ."
"1"," ."
"1"," ."
"1"," ."
"1"," ."
"1"," ."
"1"," .       "
"1"," ."
"1"," ."
"1"," ."
"1"," ."
"1"," ."
"1"," ."
"1"," ."
"1"," ."
"1"," ."
"1"," ."
"1"," ."
"1"," ."
"1"," ."
"1"," ."
"1"," ."
"1"," ."
"1"," ."
"1"," ."
"1"," ."
"1"," ."
"1","
"
"1","             "
"1","       "
"1","
RP11-34P13.3 "
"1"," ......"
"1","
FAM138A      "
"1"," ......"
"1","
OR4F5        "
"1"," ......"
"1","
RP11-34P13.7 "
"1"," ......"
"1","
RP11-34P13.8 "
"1"," ......"
"1","
RP11-34P13.14"
"1"," ......"
"1","
RP11-34P13.9 "
"1"," ......"
"1","
FO538757.3   "
"1"," ......"
"1","
FO538757.2   "
"1"," ......"
"1","
AP006222.2   "
"1"," ......"
"1","
RP5-857K21.15"
"1"," ......"
"1","
RP4-669L17.2 "
"1"," ......"
"1","
RP4-669L17.10"
"1"," ......"
"1","
"
"1","
 .............................."
"1",""
"1","
 ........"
"1",""
"1","suppressing 4302 columns and 33669 rows"
"1",""
"1"," "
"1",""
"1","in show(); maybe adjust 'options(max.print= *, width = *)'"
"1",""
"1","
 ..............................
"
"2","  [[ suppressing 39 column names ‘AAAGCAATCTGGTATG-1’, ‘AAAGTAGGTCTGCGGT-1’, ‘AAATGCCTCGCAAGCC-1’ ... ]]
"
"1","          "
"1","  "
"1","  "
"1","  "
"1","  "
"1","  "
"1","  "
"1","  "
"1","  "
"1","  "
"1","  "
"1","  "
"1","  "
"1","  "
"1","  "
"1","  "
"1","  "
"1","  "
"1","  "
"1","  "
"1","  "
"1","  "
"1","  "
"1","  "
"1","  "
"1","  "
"1","  "
"1","  "
"1","  "
"1","  "
"1","  "
"1","  "
"1","  "
"1","  "
"1","  "
"1","  "
"1","  "
"1","  "
"1","  "
"1","  "
"1","       "
"1","
AC007325.1"
"1"," ."
"1"," ."
"1"," ."
"1"," ."
"1"," ."
"1"," ."
"1"," ."
"1"," ."
"1"," ."
"1"," ."
"1"," ."
"1"," ."
"1"," ."
"1"," ."
"1"," ."
"1"," ."
"1"," ."
"1"," ."
"1"," ."
"1"," ."
"1"," ."
"1"," ."
"1"," ."
"1"," ."
"1"," ."
"1"," ."
"1"," ."
"1"," ."
"1"," ."
"1"," ."
"1"," ."
"1"," ."
"1"," ."
"1"," ."
"1"," ."
"1"," ."
"1"," ."
"1"," ."
"1"," ."
"1"," ......"
"1","
AC007325.4"
"1"," ."
"1"," ."
"1"," ."
"1"," ."
"1"," ."
"1"," ."
"1"," ."
"1"," ."
"1"," ."
"1"," ."
"1"," ."
"1"," ."
"1"," ."
"1"," ."
"1"," ."
"1"," ."
"1"," ."
"1"," ."
"1"," ."
"1"," ."
"1"," ."
"1"," ."
"1"," ."
"1"," ."
"1"," ."
"1"," ."
"1"," ."
"1"," ."
"1"," ."
"1"," ."
"1"," ."
"1"," ."
"1"," ."
"1"," ."
"1"," ."
"1"," ."
"1"," ."
"1"," ."
"1"," ."
"1"," ......"
"1","
AC007325.2"
"1"," ."
"1"," ."
"1"," ."
"1"," ."
"1"," ."
"1"," ."
"1"," ."
"1"," ."
"1"," ."
"1"," ."
"1"," ."
"1"," ."
"1"," ."
"1"," ."
"1"," ."
"1"," ."
"1"," ."
"1"," ."
"1"," ."
"1"," ."
"1"," ."
"1"," ."
"1"," ."
"1"," ."
"1"," ."
"1"," ."
"1"," ."
"1"," ."
"1"," ."
"1"," ."
"1"," ."
"1"," ."
"1"," ."
"1"," ."
"1"," ."
"1"," ."
"1"," ."
"1"," ."
"1"," ."
"1"," ......"
"1","
BX072566.1"
"1"," ."
"1"," ."
"1"," ."
"1"," ."
"1"," ."
"1"," ."
"1"," ."
"1"," ."
"1"," ."
"1"," ."
"1"," ."
"1"," ."
"1"," ."
"1"," ."
"1"," ."
"1"," ."
"1"," ."
"1"," ."
"1"," ."
"1"," ."
"1"," ."
"1"," ."
"1"," ."
"1"," ."
"1"," ."
"1"," ."
"1"," ."
"1"," ."
"1"," ."
"1"," ."
"1"," ."
"1"," ."
"1"," ."
"1"," ."
"1"," ."
"1"," ."
"1"," ."
"1"," ."
"1"," ."
"1"," ......"
"1","
AL354822.1"
"1"," ."
"1"," ."
"1"," ."
"1"," ."
"1"," ."
"1"," ."
"1"," ."
"1"," ."
"1"," ."
"1"," ."
"1"," ."
"1"," ."
"1"," ."
"1"," ."
"1"," ."
"1"," ."
"1"," ."
"1"," ."
"1"," ."
"1"," ."
"1"," ."
"1"," ."
"1"," ."
"1"," ."
"1"," ."
"1"," ."
"1"," ."
"1"," ."
"1"," ."
"1"," ."
"1"," ."
"1"," ."
"1"," ."
"1"," ."
"1"," ."
"1"," ."
"1"," ."
"1"," ."
"1"," ."
"1"," ......"
"1","
AC023491.2"
"1"," ."
"1"," ."
"1"," ."
"1"," ."
"1"," ."
"1"," ."
"1"," ."
"1"," ."
"1"," ."
"1"," ."
"1"," ."
"1"," ."
"1"," ."
"1"," ."
"1"," ."
"1"," ."
"1"," ."
"1"," ."
"1"," ."
"1"," ."
"1"," ."
"1"," ."
"1"," ."
"1"," ."
"1"," ."
"1"," ."
"1"," ."
"1"," ."
"1"," ."
"1"," ."
"1"," ."
"1"," ."
"1"," ."
"1"," ."
"1"," ."
"1"," ."
"1"," ."
"1"," ."
"1"," ."
"1"," ......"
"1","
AC004556.1"
"1"," ."
"1"," ."
"1"," ."
"1"," ."
"1"," ."
"1"," ."
"1"," ."
"1"," ."
"1"," ."
"1"," ."
"1"," ."
"1"," ."
"1"," ."
"1"," ."
"1"," ."
"1"," ."
"1"," ."
"1"," ."
"1"," ."
"1"," ."
"1"," ."
"1"," ."
"1"," ."
"1"," ."
"1"," ."
"1"," ."
"1"," ."
"1"," ."
"1"," ."
"1"," ."
"1"," ."
"1"," ."
"1"," ."
"1"," ."
"1"," ."
"1"," ."
"1"," ."
"1"," ."
"1"," ."
"1"," ......"
"1","
AC233755.2"
"1"," ."
"1"," ."
"1"," ."
"1"," ."
"1"," ."
"1"," ."
"1"," ."
"1"," ."
"1"," ."
"1"," ."
"1"," ."
"1"," ."
"1"," ."
"1"," ."
"1"," ."
"1"," ."
"1"," ."
"1"," ."
"1"," ."
"1"," ."
"1"," ."
"1"," ."
"1"," ."
"1"," ."
"1"," ."
"1"," ."
"1"," ."
"1"," ."
"1"," ."
"1"," ."
"1"," ."
"1"," ."
"1"," ."
"1"," ."
"1"," ."
"1"," ."
"1"," ."
"1"," ."
"1"," ."
"1"," ......"
"1","
AC233755.1"
"1"," ."
"1"," ."
"1"," ."
"1"," ."
"1"," ."
"1"," ."
"1"," ."
"1"," ."
"1"," ."
"1"," ."
"1"," ."
"1"," ."
"1"," ."
"1"," ."
"1"," ."
"1"," ."
"1"," ."
"1"," ."
"1"," ."
"1"," ."
"1"," ."
"1"," ."
"1"," ."
"1"," ."
"1"," ."
"1"," ."
"1"," ."
"1"," ."
"1"," ."
"1"," ."
"1"," ."
"1"," ."
"1"," ."
"1"," ."
"1"," ."
"1"," ."
"1"," ."
"1"," ."
"1"," ."
"1"," ......"
"1","
AC240274.1"
"1"," ."
"1"," ."
"1"," ."
"1"," ."
"1"," ."
"1"," ."
"1"," ."
"1"," ."
"1"," ."
"1"," ."
"1"," ."
"1"," ."
"1"," ."
"1"," ."
"1"," ."
"1"," ."
"1"," ."
"1"," ."
"1"," ."
"1"," ."
"1"," ."
"1"," ."
"1"," ."
"1"," ."
"1"," ."
"1"," ."
"1"," ."
"1"," ."
"1"," ."
"1"," ."
"1"," ."
"1"," ."
"1"," ."
"1"," ."
"1"," ."
"1"," ."
"1"," ."
"1"," ."
"1"," ."
"1"," ......"
"1","
AC213203.1"
"1"," ."
"1"," ."
"1"," ."
"1"," ."
"1"," ."
"1"," ."
"1"," ."
"1"," ."
"1"," ."
"1"," ."
"1"," ."
"1"," ."
"1"," ."
"1"," ."
"1"," ."
"1"," ."
"1"," ."
"1"," ."
"1"," ."
"1"," ."
"1"," ."
"1"," ."
"1"," ."
"1"," ."
"1"," ."
"1"," ."
"1"," ."
"1"," ."
"1"," ."
"1"," ."
"1"," ."
"1"," ."
"1"," ."
"1"," ."
"1"," ."
"1"," ."
"1"," ."
"1"," ."
"1"," ."
"1"," ......"
"1","
FAM231B   "
"1"," ."
"1"," ."
"1"," ."
"1"," ."
"1"," ."
"1"," ."
"1"," ."
"1"," ."
"1"," ."
"1"," ."
"1"," ."
"1"," ."
"1"," ."
"1"," ."
"1"," ."
"1"," ."
"1"," ."
"1"," ."
"1"," ."
"1"," ."
"1"," ."
"1"," ."
"1"," ."
"1"," ."
"1"," ."
"1"," ."
"1"," ."
"1"," ."
"1"," ."
"1"," ."
"1"," ."
"1"," ."
"1"," ."
"1"," ."
"1"," ."
"1"," ."
"1"," ."
"1"," ."
"1"," ."
"1"," ......"
"1","
"
